<?xml version="1.0" encoding="UTF-8"?>
<beans xmlns="http://www.springframework.org/schema/beans"
	xmlns:xsi="http://www.w3.org/2001/XMLSchema-instance"
	xmlns:p="http://www.springframework.org/schema/p"
	xsi:schemaLocation="http://www.springframework.org/schema/beans http://www.springframework.org/schema/beans/spring-beans.xsd">

	<!-- ProductVO를 빈으로 등록 | 권장사항이 아님 연습용 -->
	<bean id="pvo" class="ex2.model.domain.ProductVO">
		<property name="name" value="javabook" />
		<property name="price" value="100000" />
	</bean>
	<!-- p접두어를 사용해서 setter 호출 ProductDaoImple와 ProductVO 의존관계 = DI -->
	<bean id="productDao" class="ex2.model.dao.ProductDaoImple"
		p:product-ref="pvo" />
		<!-- service -->
		<bean id="productService" class="ex2.model.service.ProductServiceImple">
		<property name="productDao" ref="productDao"/>
		</bean>
</beans>
