<?xml version="1.0" encoding="UTF-8"?>
<!DOCTYPE mapper
  PUBLIC "-//mybatis.org//DTD Mapper 3.0//EN"
  "http://mybatis.org/dtd/mybatis-3-mapper.dtd">

  
<mapper namespace="movie">

<!-- 판권구매개수 지난달 -->
<select id="moviepurchase_pastmonth" resultType="int">
<![CDATA[
select count(*) from
(select movie_purchase_date from movie
group by movie_purchase_date
having movie_purchase_date >=last_day( add_months(sysdate,-2) )
and movie_purchase_date<= add_months(sysdate,-1) 
order by movie_purchase_date asc)
group by extract(month from movie_purchase_date)
order by extract(month from movie_purchase_date) asc
]]>
</select>
<!-- 판권구매개수 이번달 -->
<select id="moviepurchase_thismonth" resultType="int">
<![CDATA[
select count(*) from
(select movie_purchase_date from movie
where movie_purchase_date >=last_day( add_months(sysdate,-1) )
and movie_purchase_date<=sysdate )
group by extract(month from movie_purchase_date)
order by extract(month from movie_purchase_date) asc
]]>
</select>
<!-- 판권구매액 지난달 -->
<select id="moviecopyrightcost_pastmonth" resultType="int">
<![CDATA[
select sum(movie_copyright_cost) from
(select movie_copyright_cost from movie 
where movie_purchase_date >=last_day( add_months(sysdate,-2) )
and movie_purchase_date<=add_months(sysdate,-1) )
]]>
</select>
<!-- 판권구매액 이번달 -->
<select id="moviecopyrightcost_thismonth" resultType="int">
<![CDATA[
select sum(movie_copyright_cost) from
(select movie_copyright_cost from movie 
where movie_purchase_date >=last_day( add_months(sysdate,-1) )
and movie_purchase_date<= sysdate )
]]>
</select>
<!-- 수익 지난달 -->
<select id="movieinvestment_pastmonth" resultType="int">
<![CDATA[
select sum(movie_investment) from
(select movie_investment from movie 
where movie_purchase_date >=last_day( add_months(sysdate,-2) )
and movie_purchase_date<= add_months(sysdate,-1) )
]]>
</select>
<!-- 수익 이번달 -->
<select id="movieinvestment_thismonth" resultType="int">
<![CDATA[
select sum(movie_investment) from
(select movie_investment from movie 
where movie_purchase_date >=last_day( add_months(sysdate,-1) )
and movie_purchase_date<=sysdate )
]]>
</select>

	<select id="search" parameterType="sevo" resultMap="searchtc">
		select
		DISTINCT m.movie_title,m.movie_number,m.movie_rating,m.movie_copyright_cost,m.movie_investment,m.movie_number_of_audience,
		m.movie_open_date,m.movie_price,m.movie_purchase_date,m.movie_view_count,m.movie_watch_count
		from movie m,
		(select movie_number from movie_tag	where tag_table_num	in (select tag_table_num from tag_table
		<where>
			<choose>
				<when test="selectsearch != '제목' ">
					tag_category_num in(select tag_category_num from tag_category
					<where>
								tag_category_name = '${selectsearch}'
					</where>
					)
					and tag_name like '%' || '${search}' || '%'
				</when>
				<otherwise></otherwise>
			</choose>
		</where>
		)) r
		where r.movie_number = m.movie_number
		<choose>
			<when test="selectsearch != '제목'">
			</when>
			<otherwise>
				and m.movie_title like '%'||'${search}'||'%'
			</otherwise>
		</choose>
		order by m.movie_number_of_audience desc
	</select>

	<resultMap type="movievo" id="searchtc"><!-- 무비 테이블에 관한 정보를 가져오는 리절트맵 -->
		<id property="movie_number" column="movie_number" javaType="String"></id>
		<result property="movie_title" column="movie_title"/>
		<result property="movie_number" column="movie_number"/>
		<result property="movie_open_date" column="movie_open_date"/>
		<result property="movie_purchase_date" column="movie_purchase_date"/>
		<result property="movie_rating" column="movie_rating"/>
		<result property="movie_view_count" column="movie_view_count"/>
		<result property="movie_watch_count" column="movie_watch_count"/>
		<result property="movie_number_of_audience" column="movie_number_of_audience"/>
		<result property="movie_inverstment" column="movie_inverstment"/>
		<result property="movie_copyright_cost" column="movie_copyright_cost"/>
		<collection property="mtlist" javaType="java.util.List"
		resultMap="mtsearch" ofType="movietagvo"></collection>
	</resultMap>

	<resultMap type="movietagvo" id="mtsearch"><!-- 무비-태그 테이블 -->
		<result property="movie_number" column="movie_number"/>
		<result property="tag_table_num" column="tag_table_num"/>
		<collection property="tlist" javaType="java.util.List"
		resultMap="ttsearch" ofType="tvo"></collection>
	</resultMap>
	
	<resultMap type="tvo" id="ttsearch"><!-- 태그 테이블 -->
		<result property="tag_table_num" column="tag_table_num"/>
		<result property="tag_name" column="tag_name"/>
		<result property="tag_category_num" column="tag_category_num"/>
		<collection property="tclist" javaType="java.util.List"
		resultMap="tcsearch" ofType="tcvo"></collection>
	</resultMap>
	
	<resultMap type="tcvo" id="tcsearch"><!-- 태그 카테고리 테이블 -->
		<result property="tag_category_name" column="tag_category_name"/>
		<result property="tag_category_num" column="tag_category_num"/>
	</resultMap>
</mapper>