<?xml version="1.0" encoding="UTF-8"?>
<!DOCTYPE mapper
  PUBLIC "-//mybatis.org//DTD Mapper 3.0//EN"
  "http://mybatis.org/dtd/mybatis-3-mapper.dtd">

<mapper namespace="recommend">

<!-- 태그정보를 저장할 태그 리절트맵 -->
<resultMap id="tagVo" type="tvo">
	<id property="tag_category_num" column="tag_category_num"/>
	<result property="tag_table_num" column="tag_table_num"/>
	<result property="sum" column="sum"/>
	<result property="sum_div_total" column="sum_div_total"/>
</resultMap>
<!-- 회원의 리스트에잇는 영화들의 태그와 태그가중치를 계산하여 주는 프로시져 -->
<select id="getmylist_proc" statementType="CALLABLE" parameterType="utwl">
{ CALL recommend_avg_update(
	#{member_number, mode=IN,jdbcType=NUMERIC,javaType=int},
	#{list,mode=OUT,jdbcType=CURSOR,javaType=Resultset,resultMap=tagVo})
}

</select>
</mapper>