<?xml version="1.0" encoding="UTF-8"?>
<!DOCTYPE mapper
  PUBLIC "-//mybatis.org//DTD Mapper 3.0//EN"
  "http://mybatis.org/dtd/mybatis-3-mapper.dtd"> 
    <mapper namespace="tag">
  <select id="tag_search" parameterType="hashmap" resultMap="tag_in_target_mvo">
	select tc.tag_category_name, tt.tag_name, tt.tag_table_num,  m.movie_title
	from  Tag_category tc, Tag_Table tt, Movie_tag mt, Movie m
	<if test="tag_type !=null and event_type != ''">
  		<where>
  			<choose>
  				<when test="tag_type ==0">
  				m.movie_title like '%' || #{tag_name} || '%'
		  		</when>
		  		<when test="tag_type ==1">
  				or tt.tag_name like '%' || #{tag_name} || '%'
		  		</when>
  			</choose>
  		</where>
  	</if>  
  	and tc.tag_category_num=tt.tag_category_num
	and tt.tag_table_num=mt.tag_table_num
	and mt.movie_number=m.movie_number
  </select>

  
  <resultMap type="ymvo" id="tag_in_target_mvo">
      <id property="movie_Number" column="movie_Number" javaType="String" />
      <result property="movie_Number" column="movie_Number" />
      <result property="movie_Title" column="movie_Title" />
      <result property="movie_Open_Date" column="movie_Open_Date" />
      <result property="movie_Purchase_Date" column="movie_Purchase_Date" />
      <result property="movie_Price" column="movie_Price" />
      <result property="movie_Rating" column="movie_Rating" />
      <result property="movie_View_Count" column="movie_View_Count" />
      <result property="movie_Watch_Count" column="movie_Watch_Count" />
      <result property="movie_Number_Of_Audience" column="movie_Number_Of_Audience" />
      <result property="movie_Investment" column="movie_Investment" />
      <result property="movie_CopyRight_Cost" column="movie_CopyRight_Cost" />
      <collection property="movie_tag" javaType="java.util.List"
         resultMap="tag_in_target_mtvo" ofType="ymtvo">
      </collection>
   </resultMap>
   
    <resultMap type="ymtvo" id="tag_in_target_mtvo">
      <id property="movie_Number" column="movie_Number" javaType="String" />
      <result property="movie_Number" column="movie_Number" />
      <result property="tag_Table_Num" column="tag_Table_Num" />
      <collection property="tag_table" javaType="java.util.List"
         resultMap="tag_in_target_ttvo" ofType="yttvo">
      </collection>
   </resultMap>
   
   <resultMap type="yttvo" id="tag_in_target_ttvo">
      <id property="tag_Table_Num" column="tag_Table_Num" javaType="String" />
      <result property="tag_Table_Num" column="tag_Table_Num" />
      <result property="tag_Name" column="tag_Name" />
      <collection property="tag_category" javaType="java.util.List"
         resultMap="tag_in_target_tcvo" ofType="ytcvo">
      </collection>
   </resultMap>
   
   <resultMap type="ytcvo" id="tag_in_target_tcvo">
      <id property="tag_Category_Num" column="tag_Category_Num" javaType="int" />
      <result property="tag_Category_Num" column="tag_Category_Num" />
      <result property="tag_Category_Name" column="tag_Category_Name" />
   </resultMap>
   
     <select id="tag_profit" resultType="tpvo">
	select mt.tag_table_num,  tt.tag_name, trunc(avg(nvl(m.movie_investment,0)),0) investment_avg,sum(m.movie_investment) investment_sum ,count(m.movie_number ) movie_count
	from movie m, movie_tag mt, tag_table tt
	where mt.movie_number = m.movie_number
	and tt.tag_table_num=mt.tag_table_num
	and m.movie_investment in (select movie_investment from 
	movie where movie_investment>0)
	group by mt.tag_table_num,tt.tag_name
	order by trunc(avg(nvl(m.movie_investment,0)),0) desc
  </select>
  
  <update id="tag_ex" parameterType="String">
  update tag_table set ACTIVE_CHECK_NUMBER=0
	where tag_table_num=#{tag_Table_Num}
  </update>
   
  
   </mapper>