<?xml version="1.0" encoding="UTF-8"?>
<beans xmlns="http://www.springframework.org/schema/beans"
	xmlns:xsi="http://www.w3.org/2001/XMLSchema-instance"
	xmlns:aop="http://www.springframework.org/schema/aop"
	xmlns:context="http://www.springframework.org/schema/context"
	xmlns:mvc="http://www.springframework.org/schema/mvc"
	xmlns:tx="http://www.springframework.org/schema/tx"
	xsi:schemaLocation="http://www.springframework.org/schema/mvc http://www.springframework.org/schema/mvc/spring-mvc.xsd
		http://www.springframework.org/schema/beans http://www.springframework.org/schema/beans/spring-beans.xsd
		http://www.springframework.org/schema/context http://www.springframework.org/schema/context/spring-context.xsd
		http://www.springframework.org/schema/aop http://www.springframework.org/schema/aop/spring-aop.xsd
		http://www.springframework.org/schema/tx http://www.springframework.org/schema/tx/spring-tx.xsd">


	<!-- Db환경설정 -->
	<bean id="dataSource"
		class="org.springframework.jndi.JndiObjectFactoryBean">
		<property name="jndiName" value="java:comp/env/jdbc/mykosta" />
	</bean>
	<!-- myBatis 설정 -->
	<bean id="factoryBean"
		class="org.mybatis.spring.SqlSessionFactoryBean">
		<property name="dataSource" ref="dataSource" />
		<property name="configLocation"
			value="classpath:kr/or/kosta/config/config.xml" />
		<property name="mapperLocations"
			value="classpath*:kr/or/kosta/mapper/*.xml" />
	</bean>
	<bean id="ss" class="org.mybatis.spring.SqlSessionTemplate">
		<constructor-arg ref="factoryBean" />
	</bean>

	<!-- prefix = /WEB-INF/jsp/viewname -->
	<bean id="viewResolver"
		class="org.springframework.web.servlet.view.InternalResourceViewResolver">
		<property name="prefix" value="/WEB-INF/jsp/" />
		<property name="suffix" value=".jsp" />
		<property name="order" value="1" />
	</bean>
</beans>
