<?xml version="1.0" encoding="UTF-8"?>
<!DOCTYPE mapper
  PUBLIC "-//mybatis.org//DTD Mapper 3.0//EN"
  "http://mybatis.org/dtd/mybatis-3-mapper.dtd">
<mapper namespace="exam2">
	<select id="iftest1" parameterType="hashmap"
		resultType="svo">
		select * from sawon
		<!-- where 
		     조건1) saname  saname like '%' || #{saname} || '%'
			 조건2) and sajob = #{sajob}
			 조건1 만족할 때는 이상 없지만 
			 조건2 만 만족할 때는 and 가 문제가 된다.
			 <where> 이유가 여기 있다.
			 where 기능 : where절 추가한 다음에 바로 and, or 같은
			 연산자가 붙으면 선별해서 삭제한다.
			 where sajob = #{sajob} 형태가 된다.
			 dynamicExamle2.jsp에서 검색폼에서 sajob을 추가
		-->
		<where>
			<if test="saname != null and saname !=''">
				saname like '%' || #{saname} || '%'
			</if>
			<if test="sajob != null and sajob !=''">
				and sajob = #{sajob}
			</if>
			    
		</where>
				order by 1 desc
	</select>
	<!--  choose 예제 -->
	<select id="chooseTest" parameterType="hashmap"
		resultType="svo">
		select sabun, saname, deptno, sajob, gender,
		to_char(sahire,'yyyy-mm-dd') sahire
		from sawon 
		<if test="searchName !=null and searchName !=''">
		   <where>
		   		<choose>
		   			<when test="searchType == 1">
		   			  saname like '%' || #{searchName} || '%'
		   			</when>
		   			<when test="searchType == 2">
		   			  and sajob = #{searchName}
		   			</when>
		   			<otherwise></otherwise>
		   		</choose>
		   </where>
		   	order by 1 desc
		</if>
	</select>	
	<!--  in(10,20,30) 형식으로 만들어 준다. -->
	<select id="sawonDeptnoList" resultType="svo" 
	parameterType="hashmap">
		select sabun, saname, deptno, sajob, gender,
		to_char(sahire,'yyyy-mm-dd') sahire
		from sawon
		<where> 
		<if test="dept_list.size !=0">
		deptno in
		<foreach collection="dept_list" item="item" 
		           index="index" separator="," open="(" close=")">
			#{item}
		</foreach>
		</if>
		</where>
	</select>
	
	
	
	
	
	
	
	
	
</mapper>