<?xml version="1.0" encoding="UTF-8"?>
<project-private xmlns="http://www.netbeans.org/ns/project-private/1">
    <editor-bookmarks xmlns="http://www.netbeans.org/ns/editor-bookmarks/2" lastBookmarkId="1">
        <file>
            <url>src/Class/HandleReservation.java</url>
            <bookmark id="1">
                <name/>
                <line>31</line>
                <key/>
            </bookmark>
        </file>
    </editor-bookmarks>
    <open-files xmlns="http://www.netbeans.org/ns/projectui-open-files/2">
        <group name="Java_Shin">
            <file>file:/C:/bigdataStudy/KOSTA/Java/Semi_Project/src/GUI/Info_GUI.java</file>
            <file>file:/C:/bigdataStudy/KOSTA/Java/Semi_Project/src/Class/Server.java</file>
            <file>file:/C:/bigdataStudy/KOSTA/Java/Semi_Project/src/Class/ServerThread.java</file>
            <file>file:/C:/bigdataStudy/KOSTA/Java/Semi_Project/src/Class/HandleReservation.java</file>
            <file>file:/C:/bigdataStudy/KOSTA/Java/Semi_Project/src/Class/DataInput.java</file>
            <file>file:/C:/bigdataStudy/KOSTA/Java/Semi_Project/src/GUI/Shin_GUI.java</file>
        </group>
    </open-files>
</project-private>
